{
  "GET All Books" : {
    "transaction" : "GET All Books",
    "sampleCount" : 1,
    "errorCount" : 0,
    "errorPct" : 0.0,
    "meanResTime" : 1697.0,
    "medianResTime" : 1697.0,
    "minResTime" : 1697.0,
    "maxResTime" : 1697.0,
    "pct1ResTime" : 1697.0,
    "pct2ResTime" : 1697.0,
    "pct3ResTime" : 1697.0,
    "throughput" : 0.5892751915144372,
    "receivedKBytesPerSec" : 56.14112220094284,
    "sentKBytesPerSec" : 0.12832848408956982
  },
  "POST Books" : {
    "transaction" : "POST Books",
    "sampleCount" : 1,
    "errorCount" : 0,
    "errorPct" : 0.0,
    "meanResTime" : 1533.0,
    "medianResTime" : 1533.0,
    "minResTime" : 1533.0,
    "maxResTime" : 1533.0,
    "pct1ResTime" : 1533.0,
    "pct2ResTime" : 1533.0,
    "pct3ResTime" : 1533.0,
    "throughput" : 0.6523157208088715,
    "receivedKBytesPerSec" : 0.2548108284409654,
    "sentKBytesPerSec" : 0.2579959637964775
  },
  "GET Book By ID" : {
    "transaction" : "GET Book By ID",
    "sampleCount" : 1,
    "errorCount" : 0,
    "errorPct" : 0.0,
    "meanResTime" : 216.0,
    "medianResTime" : 216.0,
    "minResTime" : 216.0,
    "maxResTime" : 216.0,
    "pct1ResTime" : 216.0,
    "pct2ResTime" : 216.0,
    "pct3ResTime" : 216.0,
    "throughput" : 4.62962962962963,
    "receivedKBytesPerSec" : 3.436053240740741,
    "sentKBytesPerSec" : 1.0172526041666667
  },
  "Total" : {
    "transaction" : "Total",
    "sampleCount" : 3,
    "errorCount" : 0,
    "errorPct" : 0.0,
    "meanResTime" : 1148.6666666666667,
    "medianResTime" : 1533.0,
    "minResTime" : 216.0,
    "maxResTime" : 1697.0,
    "pct1ResTime" : 1697.0,
    "pct2ResTime" : 1697.0,
    "pct3ResTime" : 1697.0,
    "throughput" : 0.8698173383589446,
    "receivedKBytesPerSec" : 27.951376304726008,
    "sentKBytesPerSec" : 0.24152154610031895
  }
}